Method,catchment,Latitude,Longitude,DR_tkm2y,DR_tkm2y_error,AridityZone,Ksn,LocalRelief,Slope,Grad_prc90,Grad_prc10,AridityIndex,MAT_K,MAP,AnnualMax_daily_pr,PGA50pc50yr,Seis_Energy_Mean,Barren_Vegetated,glacier_fr,Erodibility_lithological,SoilThickness_m,permeability,Prop_UnconsolidatedDeposits
InSitu,example1,-26.1119289,-70.5478833,19.358250795,4.64123915,Hyperarid,52.3930004950561,574.990888432742,8.81789082371379,17.7632827758789,2.79161629676819,0.00487239502936676,289.1715036521,20.7735146916813,6.39146902925269,0.325305505695894,5315970000000,33.673505327276,0,0.592332014759834,0.20017545149665,0.0000000000000373492787400136,0.19047619047619
InSitu,example2,-28.51618,-71.01169,224.7859373,45.97219735,Arid,215.996119474093,1680.79806476639,22.2820627636926,34.7818183898926,7.06165170669556,0.0557409147288034,280.249213747602,138.834338592696,20.9028739900776,0.244848617509321,11085500000000,7.45125076109202,0.00401722315008754,0.612198653918181,0.798082222141763,0.0000000000000949159817217984,0.0738340469853026
InSitu,example3,-28.599,-70.728,93.79566615,17.537765985,Arid,184.141711299222,1843.56005930635,24.1125036997998,35.2918586730957,10.6827030181885,0.0631193833388995,278.345802683382,155.995098207823,22.3929775525142,0.229603237568829,1576590000000,8.87366495045554,0.00477728232666617,0.602594319704976,0.483927114267617,0.0000000000000857899820216267,0.0613733314985551
InSitu,example4,-28.937,-70.262,137.8341214,25.201483305,Arid,198.051196552647,2003.00327815926,24.7598657971425,35.9422302246094,10.3112468719482,0.0717529968176361,275.612350902091,183.992201650244,24.510646691522,0.211681960103054,236865000000,7.1210394373071,0.00886008074828931,0.546712304267897,0.473621715450011,0.0000000000000818097395671411,0.112880396319887
InSitu,example5,-29.847,-70.492,398.560742,89.37501565,Arid,212.37793451118,2148.21515599335,19.2845398483376,36.8775100708008,11.9117155075073,0.108964250219075,273.938876110536,230.096505053479,26.0262513498947,0.188979779535239,330061000000,11.9603307852571,0.00886537945387397,0.543581810192215,0.442458544978405,0.000000000000104662901663725,0.0608058608058608
InSitu,example6,-32.8378022,-70.5316108,523.858731,95.9083124,Semiarid,215.07647608871,2208.23554038041,28.0127038337904,42.6096115112305,11.8415565490723,0.306958461523021,276.276824834582,523.131130763542,55.5869096031416,0.21365254616692,431512000000,17.1226748509573,0.0680712731945888,1.13319114154266,0.467968779046905,0.000000000000279542684197001,0.0803527682508574
InSitu,example7,-32.945654,-71.0818512,530.342645,110.6989482,Semiarid,114.642528597879,1722.91753625337,22.3605331602977,33.612769317627,9.7310585975647,0.256137950845847,287.78869992708,445.678098259665,60.447274319836,0.275988619966372,3773870000000,0.00140637339418766,0,0.370267955962701,0.65906338862672,0.0000000000000122071608357534,0.0869565217391304
InSitu,example8,-33.1164458,-71.2027438,95.50821805,20.551985695,Semiarid,126.204187511234,1332.8660938625,26.6153769706258,35.6337211608887,13.5650539398193,0.275097300604186,287.665768424567,421.34457465364,56.4426281648911,0.280596573968902,4856330000000,0.000546630080471291,0,1.03209530572646,0.801788458356182,0.000000000000220631917285392,0
InSitu,example9,-34.205,-70.529,467.889671,101.9794465,Semiarid,202.405786645367,2240.57290492575,25.8301088694207,44.5926361083984,9.95298624038696,0.43801685172343,275.697601909683,1315.51414741195,90.5008332056372,0.194762041924277,722830000000,25.1574895209433,0.0844994867028558,0.843228094500533,0.60583878830671,0.00000000000017778799099567,0.0650636492220651
InSitu,example10,-35.73,-71.019,269.2997045,59.1515775,Humid,133.312599696847,1506.4508984322,21.6112199845469,37.1762474060059,4.56030035018921,0.534913704918339,277.527210346564,1531.71401371927,89.1674654861494,0.144072578081366,2068020000000,6.16625094700131,0.00207508096714618,0.866663683597467,0.788916749702438,0.000000000000148184490856984,0.0257558790593505
InSitu,example11,-36.977128,-72.985668,191.4998332,46.67460635,Humid,47.7941002167285,726.449553515464,13.2504749483381,30.4881057739258,0.873425722122192,1.15349740477922,282.944760412899,1752.93972979953,79.567611901958,0.163277368455608,1013900000000,0.220497716380299,0.00103471535376101,0.766320611950781,8.10397775008535,0.0000000000000980480842630634,0.155562782000732
InSitu,example12,-37.2687,-72.717,187.37885795,67.9052801,Humid,48.6576169451156,772.07562319293,13.636844866981,32.8269844055176,0.504683911800385,0.990690007736961,282.979552329302,1645.12718516946,80.4707813915463,0.15439341167483,1340420000000,0.318890327415025,0.00137285438966587,0.699133610362024,13.0606193182683,0.0000000000000255055835144966,0.035110254763434
InSitu,example13,-37.4044082,-72.7968102,96.0754691,23.701597615,Humid,22.6321950896231,550.5383931782,13.5368503847298,23.434531211853,3.99219083786011,1.1503031040921,284.880915632086,1687.14379854182,89.4440272424006,0.238649372478885,1653560000000,0.000669359995143706,0,0.285714285714286,1.7757453315494,7.94328234724282E-015,0
InSitu,example14,-37.582,-72.899,151.0958874,33.96267825,Humid,101.772829816203,839.946622334168,18.1466472825555,27.5818748474121,8.47409820556641,1.20572692800528,283.75097064612,1870.5587687015,95.2304363774222,0.240035687453192,744001000000,0,0,0.285714285714286,1,7.94328234724282E-015,0
InSitu,example15,-37.584052,-72.146324,166.6569736,44.50684805,Humid,60.3447492965479,744.490583846313,15.4714831201621,32.0501434326172,1.13165411949158,1.22335418458155,283.359547268491,1890.41556316027,88.7917642315063,0.143622682007786,23650987141,0.157241850183455,0.00574224193447159,0.874694760865073,4.77900183166669,0.000000000000210168707016916,0.286106032906764
InSitu,example16,-37.674,-72.01,174.94564095,37.24425275,Humid,83.6460047458657,1122.69701318702,18.1406925995794,33.8902702331543,3.17626643180847,1.21480128508147,279.971004019344,2174.97093064537,88.428717711605,0.117961689078144,1840310955,0.488194553686363,0.0016357930557279,0.911910423263823,1.39143966830409,0.000000000000316516499534712,0.181399513880005
InSitu,example17,-37.711,-71.809,397.631334,115.95355635,Humid,89.0545843717473,1368.26173656402,23.4606760161741,38.7357093811035,5.65234003067017,1.45589189330985,282.961164559735,2146.01198382443,93.693782230753,0.137886695019354,11061324134,0.0160733020210017,0,0.652534390567325,0.950442322821567,0.0000000000000408159914891551,0.210826210826211
InSitu,example18,-37.8087535,-73.0138115,68.63938575,13.9217326,Humid,17.8657277337553,796.612139762513,9.80945770330987,19.5351942062378,2.82292864322662,1.48092685917357,282.944682994169,2048.08333765077,85.0285007441995,0.247417927253191,2039940000000,0,0,0.317044528915858,1,7.94328234724282E-015,0
InSitu,example19,-37.928,-73.074,117.05048675,25.59215028,Humid,74.2538062772251,889.480173818987,16.8844513649554,26.3235004425049,7.34205446243286,1.33269409522796,284.089744463745,1487.00939099517,66.2962768767553,0.252129368563434,4732690000000,0.00000474629111334092,0,0.285714285714286,1.02334582050505,7.94328234724282E-015,0
InSitu,example20,-37.984,-72.824,31.16379065,7.26309456,Humid,12.879224490714,347.313201676159,8.67543597491183,18.467601776123,1.30961434841156,1.04872482766679,284.856449809699,1146.2788743849,53.3595411047141,0.217112419601897,9395160000000,0.00135234242145406,0,0.455154333718246,3.0217373496934,0.0000000000000193563572208117,0.118971061093248
