Method,catchment,Latitude,Longitude,DR_tkm2y,AridityZone,Ksn,LocalRelief,Slope,Grad_prc90,Grad_prc10,AridityIndex,MAT_K,MAP,AnnualMax_daily_pr,PGA50pc50yr,Seis_Energy_Mean,Barren_Vegetated,glacier_fr,Erodibility_lithological,SoilThickness_m,permeability,Prop_UnconsolidatedDeposits
Gauging,example1,-28.0013,-69.9811,0.6049602,Hyperarid,148,1543.65661385323,20.65389232,33.1453094482422,7.86157751083374,0.0446651278889712,276.699689597013,140.000947673131,13.4500517572258,0.194640301954403,301199000000,2.86890898167307,0.0049360554786501,0.686133740564254,0.45332530039851,6.74002141235508E-14,0.0479602281035239
Gauging,example2,-28.7306,-70.5067,11.8394718,Arid,193,1907.15933526295,24.66504276,35.5091285705566,11.3220367431641,0.0671650770832876,277.269741578461,164.161080314714,15.7840935805837,0.223282305139849,489047000000,3.36173012504704,0.00520329729390769,0.58059105272937,0.473365286039356,8.13945845431609E-14,0.0651490190205182
Gauging,example3,-29.8491,-70.3891,25.8079042,Arid,211,2132.98111960404,26.17032811,36.7337532043457,11.8111820220947,0.110859599161426,273.565534002735,230.575174714294,20.5059548956221,0.187763011415557,268848000000,10.0012711972135,0.00919229744557369,0.550392267271047,0.431187554161295,1.13054652105064E-13,0.0591805766312595
Gauging,example4,-29.9953,-70.5867,19.7693106,Arid,213,2144.04650795331,26.13965621,37.0630798339844,11.8495969772339,0.0991502157024773,276.648241942899,226.196225398674,22.9240661329076,0.204731720739764,999147000000,4.50535661514504,0.00712880918190647,0.530316060216988,0.440739238519088,6.6022265443685E-14,0.0588235294117647
Gauging,example5,-30.0897,-70.4888,2.388035,Arid,217,2198.64556331622,27.0609027,38.3590316772461,11.6708890914917,0.113566016595608,276.672650032148,246.804983461945,35.9721725627167,0.205961390408561,1325940000000,2.64692596964645,0.0107074635834608,0.496518833153184,0.436841159009945,3.42658574045162E-14,0.0909090909090909
Gauging,example6,-30.2028,-70.0391,5.9248202,Arid,162,1963.08451748682,26.11110852,35.7007484436035,13.0331945419312,0.153509210481455,270.710182264452,188.273588778961,21.8906995420155,0.174822131508099,64339447797,14.3724524488808,0.0272890998764721,0.678241074433753,0.303231153302795,3.78185109331081E-13,0.049618320610687
Gauging,example7,-30.4386,-71.0022,11.4045438,Arid,153,1715.36312164567,23.30689293,35.2309684753418,8.95028495788574,0.0945716073769649,281.757276289293,258.414238528129,33.6634195851319,0.233767039775449,5473140000000,0.770412106410075,0.00865925464397858,0.584643295430796,0.469507870153974,9.61534320740771E-14,0.00289184499710815
Gauging,example8,-30.4752,-71.0692,3.9987298,Arid,136,1575.49729199629,22.01921819,34.546817779541,7.73131322860718,0.0881831419967889,283.250088241328,239.104470769134,31.5152349349876,0.243845525661795,6278710000000,0.58972388035512,0.00704218325149675,0.689492546559732,0.477388970269497,1.18287644658577E-13,0.00235404896421846
Gauging,example9,-30.7077,-70.9244,29.6765352,Arid,172,1848.83704837738,24.83858558,35.697265625,10.6058053970337,0.11366845622226,281.271159992383,308.812734124682,42.9975566269583,0.229123474141181,2166510000000,0.609938004514524,0.00305987005666271,0.65233937628666,0.472787631604094,1.13207368317459E-13,0.0601142170123234
Gauging,example10,-31.0375,-71.0403,22.450142,Arid,140,1681.17059184274,21.98454825,33.8381706237793,7.53137149810791,0.134792849932315,283.278555072768,294.987481928807,54.6029026200361,0.255669329165243,4833490000000,0.572193964870544,0.00166449109219588,0.733327433722645,0.5503853764613,1.45372384054791E-13,0.0836879432624113
Gauging,example11,-32.8627,-70.4197,206.6847016,Semiarid,223,2242.41748664726,28.33903708,43.1367492675781,12.0577869415283,0.313014840623231,275.560474253046,532.47064726211,41.909094538835,0.212451541516778,418212000000,3.33515776151226,0.0735562176094191,1.09908888308584,0.446639299588071,2.69005935628789E-13,0.0688924218335983
Gauging,example12,-32.9067,-70.3036,287.025791,Semiarid,231,2465.0003289443,30.23022202,47.0646820068359,12.2162397384644,0.344874591292704,273.552688707732,578.975160094821,37.7408780983406,0.207803016440487,421542000000,5.67918374575596,0.10944738814306,1.39502642226945,0.424359114452666,3.80540107999866E-13,0.0647058823529412
Gauging,example13,-33.3703,-70.4508,142.5897512,Semiarid,203,2099.25840524654,25.45756374,38.0516326904297,10.4285974502563,0.322885168469354,279.671462452714,605.128017927674,47.8442068987644,0.213671079638118,579237000000,1.20392140740872,0.0379804295890979,0.664772399728107,0.597030378706428,1.05811264511853E-13,0.0176565008025682
Gauging,example14,-33.4961,-70.8167,96.4175966,Semiarid,73,1238.00756204716,15.16306596,32.8411590576172,0.65456223487854,0.270657063182947,286.135452538791,444.273027216029,44.7258077297012,0.237154764024144,255511000000,0.242882004495021,0.00641402244504183,1.15783030790208,9.02550334911482,4.46927962394714E-13,0.356512714063311
Gauging,example15,-33.5939,-70.3792,623.8917594,Semiarid,200,2278.56194436786,27.65405996,41.2805938720703,10.7131147384644,0.383419269271103,273.630979021244,918.427961982706,42.9950636643874,0.198148643220692,851266000000,2.90779889219131,0.0870429813686531,0.912064218059177,0.497532057462299,2.81756018340744E-13,0.041958041958042
Gauging,example16,-33.7347,-70.3008,524.058587,Semiarid,189,2210.33138513207,27.69756897,41.1369171142578,10.6141351699829,0.392721515983693,272.670749651803,1048.80825135068,46.3887490086442,0.19493900763911,957370000000,4.17868498663072,0.0754213637897904,0.852890507432273,0.480464544197229,3.04828547268333E-13,0.0634862385321101
Gauging,example17,-33.8056,-70.2089,380.1430074,Semiarid,214,2410.33812680203,27.86450891,42.0058235168457,11.1452980041504,0.395524217766158,272.761210631158,958.048160057684,40.5955542625718,0.193432178364522,750432000000,5.73970450693836,0.135658997613246,0.866350119615138,0.415350042107803,3.90394202202135E-13,0.060665362035225
Gauging,example18,-34.25,-70.5667,256.1885378,Semiarid,194,2156.09546160037,27.30191356,43.6608444213867,9.21541004180908,0.436256402851009,276.533755305406,1280.12992717132,66.8831650777551,0.196633880582018,688183000000,2.7099801438381,0.0745520754027592,0.840703242132563,0.6218499777115,1.90176393946155E-13,0.0895953757225433
Gauging,example19,-34.7186,-70.8267,450.5881198,Semiarid,206,2160.43522752371,27.34064764,40.7826557159424,11.2718647003174,0.490298923329285,278.17173092162,1440.52245413549,82.8370212919315,0.187177986131373,683925000000,1.55766554834106,0.0584904033521454,1.13892949522114,0.65781299197754,1.46597882584509E-13,0.0239943542695836
Gauging,example20,-34.9993,-70.8134,247.209092,Semiarid,148,1814.85018348249,26.08977055,39.9447685241699,9.43174381256104,0.550175199449062,279.872499725322,1614.56211382185,98.7174644577732,0.181163101497328,1184440000000,0.751491553772838,0.00853683743383812,1.34047688561424,0.74630003448925,2.16790629887173E-13,0
Gauging,example21,-35.7061,-71.1139,97.791148,Humid,131,1495.1802615027,22.87382739,37.3492469787598,5.89567184448242,0.676641430558402,278.197271146413,1643.9070353646,104.284543818054,0.14454237456561,4624960000000,1.39301565778261,0.00282614677640785,0.818839005433838,0.732479303363701,1.64829423291051E-13,0.0339200586725339
Gauging,example22,-36.4669,-72.6911,71.5267722,Humid,40,610.891853636572,10.92120352,29.9165935516357,0.544475376605988,0.957908220851582,284.620382251095,1453.51116438938,89.1324494826818,0.169945297773709,1205240000000,0.0655156725213294,0.000203583850541506,1.14335042726074,15.8694322611915,3.50796324009427E-13,0.388189055729114
Gauging,example23,-36.5703,-71.5547,74.5286646,Humid,123,1485.39564135949,24.5057625,37.9881858825684,8.83271980285645,0.854872554651332,280.037194300951,2010.38850329823,132.180429890777,0.135916395401757,2843360000000,0.278738562875298,0.000468002704983731,1.08408481190428,0.81829798400456,1.70084473412582E-13,0.0472488038277512
Gauging,example24,-36.5861,-71.526,91.6282406,Humid,123,1487.27886282308,24.58703461,38.0114707946777,9.00883884429932,0.853635800405253,280.005997222495,2011.9947806902,132.355753532161,0.135781810163841,2858460000000,0.281415099139215,0.000471272087246612,1.08273233888631,0.815891289987913,1.68602947947558E-13,0.0433473810957255
Gauging,example25,-36.6167,-72.3167,49.7395106,Humid,33,445.096241525183,7.684890645,22.1667743682861,0.518046259880066,0.96396512090894,285.383469769609,1421.25263196744,78.165116025203,0.171875405302697,978636000000,0.0451403239692481,0.00114942562120372,1.35887011945162,19.1831884702779,1.83202473894997E-12,0.710627400768246
Gauging,example26,-36.65,-72.45,32.561919,Humid,31,455.281563138777,8.64032358,24.6574750900269,0.556597411632538,1.02742142098327,285.267920726764,1403.23451150756,84.0038149269508,0.171586395475772,723298000000,0.0226803343760477,7.37714982766987E-05,1.03865033374489,17.2338200573948,2.33572239662154E-13,0.316684841875682
Gauging,example27,-37.2333,-72.5333,42.6464922,Humid,64,970.533900495118,16.53735932,34.3910980224609,0.679329693317413,1.01010052279203,281.787895240493,1839.82086525489,110.333147514996,0.13802346633807,1552810000000,0.209037530587782,0.00179418238610419,0.802136425046855,8.9889279755095,5.61361485388881E-14,0.0457461645746165
Gauging,example28,-37.7106,-71.9017,83.6690582,Humid,87,1148.73104618484,18.52616914,34.0931243896484,3.4160680770874,1.20857221328831,279.725093304801,2185.194840057,119.410850918296,0.116266732674284,1357237588,0.112674781346306,0.00171587471719991,0.876800113634371,1.20026088802493,2.83539390109883E-13,0.153629410975446
Gauging,example29,-37.7333,-72.6167,20.9211522,Humid,28,499.022972130428,10.5088113,22.5355773925781,1.11672925949097,1.19179835913879,284.379263813332,1438.09286951457,80.0395794482508,0.208255958933816,4763920000000,0.000503032686387126,4.15842422451097E-10,0.446195233968969,5.20955195140031,3.52460481842824E-14,0.0523751522533496
Gauging,example30,-38.2008,-71.2989,55.8573886,Humid,69,596.447762104727,15.27604359,30.959358215332,2.38024187088013,1.03442142847158,279.110056410942,2055.03400921985,98.3545550390966,0.105741890599627,45444.54012,0.118247445779059,0.00150935956880185,0.80092384034279,1.32936048314346,4.57330646815932E-13,0.228908724445724
Gauging,example31,-38.15,-72.9,34.4389682,Humid,35,978.42229563644,12.32072887,23.8078834533691,0.860945039987564,1.14693625733169,284.427806628958,1167.75586416863,72.4074378376904,0.242329669413252,5781530000000,0.0030456739352168,1.24288645986717E-09,0.758980557822059,2.24043816323123,4.37992347352587E-14,0.274486094316808
Gauging,example32,-38.85,-72.6167,31.6495218,Humid,34,497.33326517899,9.540791702,23.8380249023438,0.842613339424133,1.71590654384896,283.593695978667,1915.6384587494,90.3307001032335,0.151310962062042,173171000000,0.0269709540638072,0.00473280971942664,0.781194763446822,8.35394691410918,3.50137472839584E-13,0.272019173157579
Gauging,example33,-39.0005,-72.2231,152.887293,Humid,71,1147.36952515058,16.41522159,34.5216339111328,1.30347409248352,1.53991384120115,281.06034460747,2454.08195921657,104.548792513254,0.124341400273431,41503068301,0.130504577193015,0.0114667485585626,0.684525921443429,4.10043035872118,1.72570454136806E-13,0.219020172910663
Gauging,example34,-39.3301,-71.7723,45.3772228,Humid,90,1294.17219250048,19.82941006,34.9154647827148,4.74790954589844,1.23624837802628,279.636231614928,2843.68961487932,95.5507122468635,0.109345897977244,1231166042,0.0946764113687241,0.0017658327695543,0.609392806062736,0.95744226049181,8.97262357680651E-14,0.00834492350486787
